연번,호선,역명,관리번호,역내안전설비 구분,지상지하구분,역층,역층구분,소화기종류,보유대수,데이터 기준일자
1,1호선,서울(1),1,소화기,지하,B2,승강장,1,12,2025-03-10
2,1호선,서울(1),2,소화기,지하,B1,대합실,1,34,2025-03-10
3,4호선,서울(4),1,소화기,지하,B2,승강장,1,14,2025-03-10
4,4호선,서울(4),2,소화기,지하,B1,대합실,1,28,2025-03-10
5,1호선,시청(1),1,소화기,지하,B1,대합실,1,37,2025-03-10
6,1호선,시청(1),2,소화기,지하,B2,"승강장, 환승통로",1,31,2025-03-10
7,1호선,종각,1,소화기,지하,B1,대합실,1,28,2025-03-10
8,1호선,종각,2,소화기,지하,B2,승강장,1,22,2025-03-10
9,1호선,종로5가(1),1,소화기,지하,B1,대합실,4,2,2025-03-10
10,1호선,종로5가(1),2,소화기,지하,B1,대합실,1,30,2025-03-10
11,1호선,종로5가(1),3,소화기,지하,B2,승강장,1,18,2025-03-10
12,1호선,동묘앞(1),1,소화기,지하,B2,연결통로,1,5,2025-03-10
13,1호선,동묘앞(1),2,소화기,지하,B1,승강장,1,27,2025-03-10
14,1호선,동묘앞(1),3,소화기,지하,M1,대합실,1,6,2025-03-10
15,1호선,동묘앞(1),4,소화기,지상,M2,대합실,1,5,2025-03-10
16,1호선,신설동(1),1,소화기,지하,B1,연결통로,1,14,2025-03-10
17,1호선,신설동(1),2,소화기,지하,B2,승강장,1,32,2025-03-10
18,2호선,신설동(2),1,소화기,지하,B1,대합실,1,15,2025-03-10
19,2호선,신설동(2),2,소화기,지하,B2,승강장,1,32,2025-03-10
20,2호선,신설동(2),3,소화기,지하,B1,환승통로,1,13,2025-03-10
21,1호선,제기동,1,소화기,지하,B2,승강장,1,16,2025-03-10
22,1호선,제기동,2,소화기,지하,B1,연결통로,1,22,2025-03-10
23,1호선,청량리,1,소화기,지하,B1,승강장,1,14,2025-03-10
24,1호선,청량리,2,소화기,지하,B2,대합실,1,27,2025-03-10
25,2호선,용두,1,소화기,지하,B1,승강장,1,26,2025-03-10
26,2호선,용두,2,소화기,지하,B2,연결통로,1,4,2025-03-10
27,2호선,신답,1,소화기,지상,M1,대합실,1,14,2025-03-10
28,2호선,신답,2,소화기,지상,M2,승강장,1,10,2025-03-10
29,2호선,시청(2),1,소화기,지하,B1,대합실,1,15,2025-03-10
30,2호선,시청(2),2,소화기,지하,B2,대합실,1,31,2025-03-10
31,2호선,시청(2),3,소화기,지하,B3,승강장,1,16,2025-03-10
32,2호선,을지로입구,1,소화기,지하,B1,대합실,1,31,2025-03-10
33,2호선,을지로입구,2,소화기,지하,B2,승강장,1,20,2025-03-10
34,2호선,을지로3가(2),1,소화기,지하,B1,대합실,1,20,2025-03-10
35,2호선,을지로3가(2),2,소화기,지하,B2,승강장,1,34,2025-03-10
36,2호선,을지로3가(3),1,소화기,지하,B1,대합실,1,21,2025-03-10
37,2호선,을지로3가(3),2,소화기,지하,B2,연결통로,1,21,2025-03-10
38,2호선,을지로3가(3),3,소화기,지하,B3,승강장,1,18,2025-03-10
39,2호선,을지로4가(2),1,소화기,지하,B1,대합실,1,21,2025-03-10
40,2호선,을지로4가(2),2,소화기,지하,B2,승강장,1,20,2025-03-10
41,5호선,을지로4가(5),1,소화기,지하,B1,대합실,1,7,2025-03-10
42,5호선,을지로4가(5),2,소화기,지하,B2,대합실,1,8,2025-03-10
43,5호선,을지로4가(5),3,소화기,지하,B3,대합실,1,4,2025-03-10
44,5호선,을지로4가(5),4,소화기,지하,B4,대합실,1,14,2025-03-10
45,5호선,을지로4가(5),5,소화기,지하,B5,승강장,1,13,2025-03-10
46,2호선,동대문역사문화공원(2),1,소화기,지하,B1,대합실,1,20,2025-03-10
47,2호선,동대문역사문화공원(2),2,소화기,지하,B2,승강장,1,21,2025-03-10
48,4호선,동대문역사문화공원(4),1,소화기,지하,B1,대합실,1,24,2025-03-10
49,4호선,동대문역사문화공원(4),2,소화기,지하,B2,대합실,1,9,2025-03-10
50,4호선,동대문역사문화공원(4),3,소화기,지하,B3,승강장,1,16,2025-03-10
51,2호선,신당(2),1,소화기,지하,B1,대합실,1,27,2025-03-10
52,2호선,신당(2),2,소화기,지하,B2,승강장,1,28,2025-03-10
53,6호선,신당(6),1,소화기,지하,B1,대합실,1,16,2025-03-10
54,6호선,신당(6),2,소화기,지하,B2,대합실,1,13,2025-03-10
55,6호선,신당(6),3,소화기,지하,B3,승강장,1,13,2025-03-10
56,2호선,상왕십리,1,소화기,지하,B1,대합실,1,24,2025-03-10
57,2호선,상왕십리,2,소화기,지하,B2,승강장,1,20,2025-03-10
58,2호선,왕십리(2),1,소화기,지하,B1,대합실,1,30,2025-03-10
59,2호선,왕십리(2),2,소화기,지하,B2,승강장,1,22,2025-03-10
60,5호선,왕십리(5),1,소화기,지하,B1,대합실,1,11,2025-03-10
61,5호선,왕십리(5),2,소화기,지하,B2,대합실,1,8,2025-03-10
62,5호선,왕십리(5),3,소화기,지하,B3,대합실,1,7,2025-03-10
63,5호선,왕십리(5),4,소화기,지하,B4,대합실,1,6,2025-03-10
64,5호선,왕십리(5),5,소화기,지하,B5,승강장,1,14,2025-03-10
65,2호선,한양대,1,소화기,지상,M1,승강장,1,37,2025-03-10
66,2호선,한양대,2,소화기,지상,M2,대합실,1,24,2025-03-10
67,2호선,뚝섬,1,소화기,지상,M2,대합실,1,30,2025-03-10
68,2호선,뚝섬,2,소화기,지상,M3,승강장,1,11,2025-03-10
69,2호선,성수,1,소화기,지상,M2,대합실,1,40,2025-03-10
70,2호선,성수,2,소화기,지상,M3,승강장,1,15,2025-03-10
71,2호선,건대입구(2),1,소화기,지상,M2,대합실,1,31,2025-03-10
72,2호선,건대입구(2),2,소화기,지상,M3,승강장,1,20,2025-03-10
73,7호선,건대입구(7),1,소화기,지하,B1,연결통로,1,2,2025-03-10
74,7호선,건대입구(7),2,소화기,지하,B2,"대합실, 승강장",1,25,2025-03-10
75,7호선,건대입구(7),3,소화기,지하,B3,연결통로,1,12,2025-03-10
76,2호선,구의,1,소화기,지상,M2,대합실,1,18,2025-03-10
77,2호선,구의,2,소화기,지상,M3,승강장,1,27,2025-03-10
78,2호선,강변,1,소화기,지상,M1,대합실,1,26,2025-03-10
79,2호선,강변,2,소화기,지상,M2,승강장,1,22,2025-03-10
80,2호선,잠실나루,1,소화기,지상,M1,대합실,1,19,2025-03-10
81,2호선,잠실나루,2,소화기,지상,M1.5,연경통로,1,2,2025-03-10
82,2호선,잠실나루,3,소화기,지상,M2,승강장,1,20,2025-03-10
83,2호선,잠실(2),1,소화기,지하,B1,"대합실, 연결통로",1,37,2025-03-10
84,2호선,잠실(2),2,소화기,지하,B2,승강장,1,26,2025-03-10
85,8호선,잠실(8),1,소화기,지하,B1,연결통로,1,24,2025-03-10
86,8호선,잠실(8),2,소화기,지하,B2,"대합실, 연결통로",1,43,2025-03-10
87,8호선,잠실(8),3,소화기,지하,B3,"승강장, 대합실",1,15,2025-03-10
88,2호선,잠실새내,1,소화기,지하,B1,대합실,1,41,2025-03-10
89,2호선,잠실새내,2,소화기,지하,B2,승강장,1,31,2025-03-10
90,2호선,종합운동장,1,소화기,지하,B1,"대합실, 연결통로",1,81,2025-03-10
91,2호선,종합운동장,2,소화기,지하,B2,승강장,1,41,2025-03-10
92,2호선,삼성,1,소화기,지하,B1,대합실,1,27,2025-03-10
93,2호선,삼성,2,소화기,지하,B2,승강장,1,17,2025-03-10
94,2호선,선릉,1,소화기,지하,B1,대합실,1,23,2025-03-10
95,2호선,선릉,2,소화기,지하,B2,승강장,1,29,2025-03-10
96,2호선,역삼,1,소화기,지하,B1,대합실,1,8,2025-03-10
97,2호선,역삼,2,소화기,지하,B2,대합실,1,34,2025-03-10
98,2호선,역삼,3,소화기,지하,B3,승강장,1,33,2025-03-10
99,2호선,강남,1,소화기,지하,B2,승강장,1,30,2025-03-10
100,2호선,강남,2,소화기,지하,B1,대합실,1,22,2025-03-10
101,2호선,교대(2),1,소화기,지하,B2,승강장,1,22,2025-03-10
102,2호선,교대(2),2,소화기,지하,B1,대합실,1,24,2025-03-10
103,3호선,교대(3),1,소화기,지하,B3,승강장,1,11,2025-03-10
104,3호선,교대(3),2,소화기,지하,B2,환승통로,1,6,2025-03-10
105,3호선,교대(3),3,소화기,지하,B1,대합실,1,22,2025-03-10
106,2호선,서초,1,소화기,지하,B2,승강장,1,28,2025-03-10
107,2호선,서초,2,소화기,지하,B1,대합실,1,33,2025-03-10
108,2호선,방배,1,소화기,지하,B2,승강장,1,39,2025-03-10
109,2호선,방배,2,소화기,지하,B1,대합실,1,27,2025-03-10
110,2호선,낙성대,1,소화기,지하,B2,승강장,1,40,2025-03-10
111,2호선,낙성대,2,소화기,지하,B1,대합실,1,21,2025-03-10
112,2호선,서울대입구,1,소화기,지하,B2,승강장,1,22,2025-03-10
113,2호선,서울대입구,2,소화기,지하,B1,대합실,1,32,2025-03-10
114,2호선,봉천,1,소화기,지하,B2,승강장,1,17,2025-03-10
115,2호선,봉천,2,소화기,지하,B1,대합실,1,32,2025-03-10
116,2호선,신림,1,소화기,지하,B2,승강장,1,16,2025-03-10
117,2호선,신림,2,소화기,지하,B1,대합실,1,28,2025-03-10
118,2호선,신대방,1,소화기,지상,M3,승강장,1,22,2025-03-10
119,2호선,신대방,2,소화기,지상,M2,대합실,1,25,2025-03-10
120,2호선,구로디지털단지,1,소화기,지상,M3,승강장,1,19,2025-03-10
121,2호선,구로디지털단지,2,소화기,지상,M2,대합실,1,20,2025-03-10
122,2호선,대림(2),1,소화기,지상,M3,승강장,1,21,2025-03-10
123,2호선,대림(2),2,소화기,지상,M2,대합실,1,25,2025-03-10
124,7호선,대림(7),1,소화기,지하,B2,승강장,1,11,2025-03-10
125,7호선,대림(7),2,소화기,지하,B1,환승통로,1,11,2025-03-10
126,7호선,대림(7),3,소화기,지하,B1,대합실,1,19,2025-03-10
127,2호선,신도림,1,소화기,지하,B2,승강장,1,33,2025-03-10
128,2호선,신도림,2,소화기,지하,B1,대합실,1,63,2025-03-10
129,2호선,도림천,1,소화기,지하,B3,승강장,1,13,2025-03-10
130,2호선,도림천,2,소화기,지하,B2,대합실,1,11,2025-03-10
131,2호선,도림천,3,소화기,지하,B1,대합실,1,5,2025-03-10
132,2호선,양천구청,1,소화기,지하,B2,승강장,1,28,2025-03-10
133,2호선,양천구청,2,소화기,지하,B1,대합실,1,14,2025-03-10
134,2호선,신정네거리,1,소화기,지하,B3,승강장,1,15,2025-03-10
135,2호선,신정네거리,2,소화기,지하,B2,대합실,1,14,2025-03-10
136,2호선,신정네거리,3,소화기,지하,B1,대합실,1,6,2025-03-10
137,2호선,문래,1,소화기,지하,B2,승강장,1,23,2025-03-10
138,2호선,문래,2,소화기,지하,B1,대합실,1,30,2025-03-10
139,2호선,영등포구청(2),1,소화기,지하,B2,승강장,1,32,2025-03-10
140,2호선,영등포구청(2),2,소화기,지하,B1,대합실,1,10,2025-03-10
141,5호선,영등포구청(5),1,소화기,지하,B5,승강장,1,18,2025-03-10
142,5호선,영등포구청(5),2,소화기,지하,B4,대합실,1,23,2025-03-10
143,5호선,영등포구청(5),3,소화기,지하,B3,연결통로,1,4,2025-03-10
144,5호선,영등포구청(5),4,소화기,지하,B2,연결통로,1,,2025-03-10
145,5호선,영등포구청(5),5,소화기,지하,B1,대합실,1,2,2025-03-10
146,2호선,당산,1,소화기,지상,F1,M역 대합실,1,24,2025-03-10
147,2호선,당산,2,소화기,지상,F2,M역 승강장,1,21,2025-03-10
148,2호선,합정(2),1,소화기,지하,B2,승강장,1,21,2025-03-10
149,2호선,합정(2),2,소화기,지하,B1,대합실,1,32,2025-03-10
150,6호선,합정(6),1,소화기,지하,B4,승강장,1,17,2025-03-10
151,6호선,합정(6),2,소화기,지하,B3,대합실,1,10,2025-03-10
152,6호선,합정(6),3,소화기,지하,B1,대합실,1,22,2025-03-10
153,2호선,홍대입구,1,소화기,지하,B2,승강장,1,25,2025-03-10
154,2호선,홍대입구,2,소화기,지하,B1,대합실,1,39,2025-03-10
155,2호선,신촌,1,소화기,지하,B2,승강장,1,27,2025-03-10
156,2호선,신촌,2,소화기,지하,B1,대합실,1,31,2025-03-10
157,2호선,이대,1,소화기,지하,B2,승강장,1,29,2025-03-10
158,2호선,이대,2,소화기,지하,B1,대합실,1,29,2025-03-10
159,2호선,아현,1,소화기,지하,B2,승강장,1,21,2025-03-10
160,2호선,아현,2,소화기,지하,B1,대합실,1,26,2025-03-10
161,2호선,충정로(2),1,소화기,지하,B3,승강장,1,19,2025-03-10
162,2호선,충정로(2),2,소화기,지하,B2,대합실,1,31,2025-03-10
163,2호선,충정로(2),3,소화기,지하,B1,대합실,1,1,2025-03-10
164,5호선,충정로(5),1,소화기,지하,B5,승강장,1,10,2025-03-10
165,5호선,충정로(5),2,소화기,지하,B4,대합실,1,7,2025-03-10
166,5호선,충정로(5),3,소화기,지하,B2,대합실,1,19,2025-03-10
167,5호선,충정로(5),4,소화기,지하,B1,대합실,1,17,2025-03-10
168,3호선,지축,1,소화기,지상,M1,대합실,1,8,2025-03-10
169,3호선,지축,2,소화기,지상,M2,승강장,1,11,2025-03-10
170,3호선,구파발,1,소화기,지하,B1,대합실,1,22,2025-03-10
171,3호선,구파발,2,소화기,지하,B2,승강장,1,24,2025-03-10
172,3호선,연신내,1,소화기,지하,B1,대합실,1,21,2025-03-10
173,3호선,연신내,2,소화기,지하,B2,승강장,1,12,2025-03-10
174,6호선,연신내,3,소화기,지하,B1,대합실,1,1,2025-03-10
175,6호선,연신내,4,소화기,지하,B2,대합실,1,6,2025-03-10
176,6호선,연신내,5,소화기,지하,B3,대합실,1,6,2025-03-10
177,6호선,연신내,6,소화기,지하,B4,대합실,1,3,2025-03-10
178,6호선,연신내,7,소화기,지하,B5,승강장,1,9,2025-03-10
179,3호선,녹번,1,소화기,지하,B2,승강장,1,8,2025-03-10
180,3호선,녹번,2,소화기,지하,B1,대합실,1,24,2025-03-10
181,3호선,홍제,1,소화기,지하,B1,대합실,1,8,2025-03-10
182,3호선,홍제,2,소화기,지하,B2,대합실,"1, 4",29,2025-03-10
183,3호선,홍제,3,소화기,지하,B3,승강장,1,20,2025-03-10
184,3호선,무악재,1,소화기,지하,B2,대합실,1,20,2025-03-10
185,3호선,무악재,2,소화기,지하,B3,승강장,1,19,2025-03-10
186,3호선,독립문,1,소화기,지하,B1,대합실,1,1,2025-03-10
187,3호선,독립문,2,소화기,지하,B2,대합실,1,20,2025-03-10
188,3호선,독립문,3,소화기,지하,B3,승강장,1,16,2025-03-10
189,3호선,경복궁,1,소화기,지하,B3,승강장,1,14,2025-03-10
190,3호선,경복궁,2,소화기,지하,B2,대합실,1,23,2025-03-10
191,3호선,경복궁,3,소화기,지하,B1,대합실,1,17,2025-03-10
192,3호선,안국,1,소화기,지하,B1,대합실,1,6,2025-03-10
193,3호선,안국,2,소화기,지하,B2,대합실,1,14,2025-03-10
194,3호선,안국,3,소화기,지하,B3,대합실,1,23,2025-03-10
195,3호선,안국,4,소화기,지하,B4,승강장,1,18,2025-03-10
196,1호선,종로3가(1),1,소화기,지하,B1,대합실,1,19,2025-03-10
197,1호선,종로3가(1),2,소화기,지하,B2,승강장,1,21,2025-03-10
198,3호선,종로3가(3),1,소화기,지하,B1,대합실,1,13,2025-03-10
199,3호선,종로3가(3),2,소화기,지하,B2,대합실,1,24,2025-03-10
200,3호선,종로3가(3),3,소화기,지하,B3,대합실,1,13,2025-03-10
201,3호선,종로3가(3),4,소화기,지하,B4,승강장,1,13,2025-03-10
202,3호선,동대입구,1,소화기,지하,B1,대합실,1,2,2025-03-10
203,3호선,동대입구,2,소화기,지하,B2,대합실,1,35,2025-03-10
204,3호선,동대입구,3,소화기,지하,B3,승강장,1,19,2025-03-10
205,3호선,약수(3),1,소화기,지하,B1,대합실,1,19,2025-03-10
206,3호선,약수(3),2,소화기,지하,B1,대합실,1,15,2025-03-10
207,3호선,약수(3),3,소화기,지하,B2,승강장,1,16,2025-03-10
208,6호선,약수(6),1,소화기,지하,B3,승강장,1,18,2025-03-10
209,6호선,약수(6),2,소화기,지하,B2,"대합실,연결통로","1,4",10,2025-03-10
210,6호선,약수(6),3,소화기,지하,B1,대합실,1,10,2025-03-10
211,3호선,금호,1,소화기,지하,B1,대합실,1,19,2025-03-10
212,3호선,금호,2,소화기,지하,B2,승강장,1,16,2025-03-10
213,3호선,옥수,1,소화기,지상,M1,연결통로,1,25,2025-03-10
214,3호선,옥수,2,소화기,지상,M2,연결통로,1,3,2025-03-10
215,3호선,옥수,3,소화기,지상,M3,대합실,1,30,2025-03-10
216,3호선,옥수,4,소화기,지상,M4,승강장,1,18,2025-03-10
217,3호선,압구정,1,소화기,지하,B1,대합실,1,18,2025-03-10
218,3호선,압구정,2,소화기,지하,B2,승강장,1,22,2025-03-10
219,3호선,신사,1,소화기,지하,B1,대합실,1,28,2025-03-10
220,3호선,신사,2,소화기,지하,B2,승강장,1,25,2025-03-10
221,3호선,잠원,1,소화기,지하,B1,대합실,1,26,2025-03-10
222,3호선,잠원,2,소화기,지하,B2,승강장,1,16,2025-03-10
223,3호선,고속터미널(3),1,소화기,지상,1F,외부창고,1,2,2025-03-10
224,3호선,고속터미널(3),2,소화기,지하,B2,대합실,1,34,2025-03-10
225,3호선,고속터미널(3),3,소화기,지하,B3,승강장,1,31,2025-03-10
226,7호선,고속터미널(7),1,소화기,지하,B1,대합실,1,19,2025-03-10
227,7호선,고속터미널(7),2,소화기,지하,B2,대합실,1,8,2025-03-10
228,7호선,고속터미널(7),3,소화기,지하,B3,승강장,1,16,2025-03-10
229,3호선,남부터미널,1,소화기,지하,B1,대합실,1,2,2025-03-10
230,3호선,남부터미널,2,소화기,지하,B2,대합실,1,18,2025-03-10
231,3호선,남부터미널,3,소화기,지하,B3,승강장,1,16,2025-03-10
232,3호선,양재,1,소화기,지하,B1,대합실,1,24,2025-03-10
233,3호선,양재,2,소화기,지하,B2,승강장,1,30,2025-03-10
234,3호선,매봉,1,소화기,지하,B1,대합실,1,22,2025-03-10
235,3호선,매봉,2,소화기,지하,B2,승강장,1,19,2025-03-10
236,3호선,도곡,1,소화기,지하,B1,대합실,1,8,2025-03-10
237,3호선,도곡,2,소화기,지하,B2,대합실,1,21,2025-03-10
238,3호선,도곡,3,소화기,지하,B3,대합실,1,5,2025-03-10
239,3호선,도곡,4,소화기,지하,B4,승강장,1,23,2025-03-10
240,3호선,대치,1,소화기,지하,B1,대합실,1,12,2025-03-10
241,3호선,대치,2,소화기,지하,B2,대합실,1,18,2025-03-10
242,3호선,대치,3,소화기,지하,B3,승강장,1,20,2025-03-10
243,3호선,학여울,1,소화기,지상,M2,연결통로,1,1,2025-03-10
244,3호선,학여울,2,소화기,지상,M1,연결통로,1,1,2025-03-10
245,3호선,학여울,3,소화기,지하,B2,대합실,1,1,2025-03-10
246,3호선,학여울,4,소화기,지하,B4,대합실,1,27,2025-03-10
247,3호선,학여울,5,소화기,지하,B5,승강장,1,17,2025-03-10
248,3호선,대청,1,소화기,지하,B1,대합실,1,1,2025-03-10
249,3호선,대청,2,소화기,지하,B2,대합실,1,15,2025-03-10
250,3호선,대청,3,소화기,지하,B3,승강장,1,20,2025-03-10
251,3호선,일원,1,소화기,지하,B1,대합실(중),1,6,2025-03-10
252,3호선,일원,2,소화기,지하,B2,대합실,1,24,2025-03-10
253,3호선,일원,3,소화기,지하,B3,승강장,1,19,2025-03-10
254,3호선,수서,1,소화기,지하,B1,대합실,1,27,2025-03-10
255,3호선,수서,2,소화기,지하,B2,승강장,1,31,2025-03-10
256,3호선,경찰병원,1,소화기,지하,B1,대합실,1,20,2025-03-10
257,3호선,경찰병원,2,소화기,지하,B2,대합실,1,10,2025-03-10
258,3호선,경찰병원,3,소화기,지하,B3,승강장,1,34,2025-03-10
259,3호선,오금(3),1,소화기,지하,B1,대합실,1,11,2025-03-10
260,3호선,오금(3),2,소화기,지하,B2,직원통로,1,9,2025-03-10
261,3호선,오금(3),3,소화기,지하,B3,환승통로,1,11,2025-03-10
262,3호선,오금(3),4,소화기,지하,B4,승강장,1,34,2025-03-10
263,5호선,오금(5),1,소화기,지하,B1,대합실,1,13,2025-03-10
264,5호선,오금(5),2,소화기,지하,B2,승강장,1,22,2025-03-10
265,5호선,오금(5),3,소화기,지하,B3,환승통로,1,2,2025-03-10
266,4호선,당고개,1,소화기,지상,M1,연결통로,1,4,2025-03-10
267,4호선,당고개,2,소화기,지상,M2,대합실,1,16,2025-03-10
268,4호선,당고개,3,소화기,지상,M3,승강장,1,18,2025-03-10
269,4호선,상계,1,소화기,지상,M1,대합실,1,9,2025-03-10
270,4호선,상계,2,소화기,지상,M1,대합실,1,1,2025-03-10
271,4호선,상계,3,소화기,지상,M1,대합실,1,3,2025-03-10
272,4호선,상계,4,소화기,지상,M2,대합실,1,17,2025-03-10
273,4호선,상계,5,소화기,지상,M2,대합실,1,5,2025-03-10
274,4호선,상계,6,소화기,지상,M3,승강장,1,16,2025-03-10
275,4호선,노원(4),1,소화기,지상,M2,대합실,1,25,2025-03-10
276,4호선,노원(4),2,소화기,지상,M3,승강장,1,19,2025-03-10
277,7호선,노원(7),1,소화기,지하,B3,승강장,1,11,2025-03-10
278,7호선,노원(7),2,소화기,지하,B2,대합실,1,15,2025-03-10
279,7호선,노원(7),3,소화기,지하,B1,대합실,1,12,2025-03-10
280,7호선,노원(7),4,소화기,지상,M2,환승통로,4,4,2025-03-10
281,4호선,창동,1,소화기,지상,M2,대합실,1,12,2025-03-10
282,4호선,창동,2,소화기,지상,M2,대합실,1,15,2025-03-10
283,4호선,창동,3,소화기,지상,M3,연결통로,1,6,2025-03-10
284,4호선,창동,4,소화기,지상,M3,승강장,1,18,2025-03-10
285,4호선,쌍문,1,소화기,지하,B2,승강장,1,24,2025-03-10
286,4호선,쌍문,2,소화기,,B1,대합실,1,29,2025-03-10
287,4호선,수유,1,소화기,지하,B1,대합실,1,25,2025-03-10
288,4호선,수유,2,소화기,지하,B2,승강장,1,22,2025-03-10
289,4호선,미아,1,소화기,지하,B1,대합실,1,51,2025-03-10
290,4호선,미아사거리,1,소화기,지하,B1,대합실,1,24,2025-03-10
291,4호선,미아사거리,2,소화기,지하,B2,승강장,1,24,2025-03-10
292,4호선,길음,1,소화기,지하,B1,대합실,1,25,2025-03-10
293,4호선,길음,2,소화기,지하,B2,승강장,1,22,2025-03-10
294,4호선,성신여대입구,1,소화기,지하,B1,대합실,1,21,2025-03-10
295,4호선,성신여대입구,2,소화기,지하,B2,승강장,1,27,2025-03-10
296,4호선,한성대입구,1,소화기,지하,B2,승강장,1,14,2025-03-10
297,4호선,한성대입구,2,소화기,지하,B1,대합실,1,19,2025-03-10
298,4호선,혜화,1,소화기,지하,B1,대합실,4,13,2025-03-10
299,4호선,혜화,2,소화기,지하,B2,승강장,1,28,2025-03-10
300,1호선,동대문(1),1,소화기,지하,B1,대합실,1,27,2025-03-10
301,1호선,동대문(1),2,소화기,지하,B2,승강장,1,20,2025-03-10
302,4호선,동대문(4),1,소화기,지하,B4,승강장,1,15,2025-03-10
303,4호선,동대문(4),2,소화기,지하,B3,대합실,1,2,2025-03-10
304,4호선,동대문(4),3,소화기,지하,B2,대합실,1,10,2025-03-10
305,4호선,동대문(4),4,소화기,지하,B1,대합실,1,22,2025-03-10
306,4호선,동대문(4),5,소화기,지하,B1,연결통로,1,4,2025-03-10
307,4호선,충무로(4),1,소화기,지하,B1,대합실,1,22,2025-03-10
308,4호선,충무로(4),2,소화기,지하,B2,대합실,1,21,2025-03-10
309,4호선,충무로(4),3,소화기,지하,B3,승강장,1,22,2025-03-10
310,3호선,충무로(3),1,소화기,지하,B4,승강장,1,17,2025-03-10
311,4호선,명동,1,소화기,지하,B1,대합실,1,26,2025-03-10
312,4호선,명동,2,소화기,지하,B2,연결통로,1,16,2025-03-10
313,4호선,명동,3,소화기,지하,B4,승강장,1,17,2025-03-10
314,4호선,회현,1,소화기,지하,B1,대합실,1,52,2025-03-10
315,4호선,회현,2,소화기,지하,B4,승강장,1,19,2025-03-10
316,4호선,숙대입구,1,소화기,지하,B1,대합실,1,21,2025-03-10
317,4호선,숙대입구,2,소화기,지하,B2,승강장,1,22,2025-03-10
318,4호선,삼각지(4),1,소화기,지하,B1,대합실,1,24,2025-03-10
319,4호선,삼각지(4),2,소화기,지하,B2,승강장,1,23,2025-03-10
320,6호선,삼각지(6),1,소화기,지하,B1,대합실,1,18,2025-03-10
321,6호선,삼각지(6),2,소화기,지하,B3,대합실,1,21,2025-03-10
322,6호선,삼각지(6),3,소화기,지하,B4,승강장,1,9,2025-03-10
323,4호선,신용산,1,소화기,지하,B1,대합실,1,28,2025-03-10
324,4호선,신용산,2,소화기,지하,B2,승강장,1,20,2025-03-10
325,4호선,이촌,1,소화기,지하,B1,대합실,1,26,2025-03-10
326,4호선,이촌,2,소화기,지하,B2,승강장,1,16,2025-03-10
327,4호선,동작,1,소화기,지상,M1,대합실,1,22,2025-03-10
328,4호선,동작,2,소화기,지상,M2,대합실,1,15,2025-03-10
329,4호선,동작,3,소화기,지상,M3,승강장,1,29,2025-03-10
330,4호선,총신대입구(이수)(4),1,소화기,지하,B1,대합실,1,25,2025-03-10
331,4호선,총신대입구(이수)(4),2,소화기,지하,B2,승강장,1,25,2025-03-10
332,7호선,총신대입구(이수)(7),1,소화기,지하,B1,대합실,1,15,2025-03-10
333,7호선,총신대입구(이수)(7),2,소화기,지하,B3,대합실,1,22,2025-03-10
334,7호선,총신대입구(이수)(7),3,소화기,지하,B4,연결통로,1,6,2025-03-10
335,7호선,총신대입구(이수)(7),4,소화기,지하,B4,승강장,1,11,2025-03-10
336,2호선,사당(2),1,소화기,지하,B!,대합실,1,32,2025-03-10
337,2호선,사당(2),2,소화기,지하,B2,승강장,1,27,2025-03-10
338,4호선,사당(4),1,소화기,지하,B1,대합실,1,25,2025-03-10
339,4호선,사당(4),2,소화기,지하,B2,연결통로,1,25,2025-03-10
340,4호선,사당(4),3,소화기,지하,B3,승강장,1,18,2025-03-10
341,4호선,남태령,1,소화기,지하,B1,대합실,1,3,2025-03-10
342,4호선,남태령,2,소화기,지하,B2,대합실,1,18,2025-03-10
343,4호선,남태령,3,소화기,지하,B3,승강장,1,17,2025-03-10
344,5호선,김포공항,1,소화기,지하,B2,대합실,1,18,2025-03-10
345,5호선,김포공항,2,소화기,지하,B2,대합실,4,9,2025-03-10
346,5호선,김포공항,3,소화기,지하,B3,승강장,1,17,2025-03-10
347,5호선,송정,1,소화기,지하,B1,대합실,1,1,2025-03-10
348,5호선,송정,2,소화기,지하,B2,대합실,"1, 4",15,2025-03-10
349,5호선,송정,3,소화기,지하,B3,승강장,1,13,2025-03-10
350,5호선,마곡,1,소화기,지하,B2,승강장,1,14,2025-03-10
351,5호선,마곡,2,소화기,지하,B1,대합실,1,16,2025-03-10
352,5호선,마곡,3,소화기,지하,B1,대합실,4,3,2025-03-10
353,5호선,마곡,4,소화기,지하,B1,연결통로,1,17,2025-03-10
354,5호선,발산,1,소화기,지하,B1,대합실,1,17,2025-03-10
355,5호선,발산,2,소화기,지하,B2,승강장,1,17,2025-03-10
356,5호선,우장산,1,소화기,지하,B1,대합실,2,3,2025-03-10
357,5호선,우장산,2,소화기,지하,B1,대합실,1,13,2025-03-10
358,5호선,우장산,3,소화기,지하,B2,승강장,1,8,2025-03-10
359,5호선,우장산,4,소화기,지하,B2,승강장,1,9,2025-03-10
360,5호선,화곡,1,소화기,지하,B2,승강장,1,7,2025-03-10
361,5호선,화곡,2,소화기,지하,B1,대합실,"1,4",17,2025-03-10
362,5호선,화곡,3,소화기,지하,M1,대합실,1,4,2025-03-10
363,5호선,까치산,1,소화기,지하,B5,승강장,1,21,2025-03-10
364,5호선,까치산,2,소화기,지하,B4,대합실,1,1,2025-03-10
365,5호선,까치산,3,소화기,지하,B3,대합실,1,1,2025-03-10
366,5호선,까치산,4,소화기,지하,B2,대합실,1,2,2025-03-10
367,5호선,까치산,5,소화기,지하,B1,대합실,"1,4",16,2025-03-10
368,5호선,신정,1,소화기,지하,B3,승강장,1,14,2025-03-10
369,5호선,신정,2,소화기,지하,B2,대합실,1,10,2025-03-10
370,5호선,신정,3,소화기,지하,B1,대합실,1,4,2025-03-10
371,5호선,목동,1,소화기,지하,B2,승강장,1,14,2025-03-10
372,5호선,목동,2,소화기,지하,B1,대합실,1,17,2025-03-10
373,5호선,오목교,1,소화기,지하,B3,승강장,1,19,2025-03-10
374,5호선,오목교,2,소화기,지하,B2,대합실,"1, 4",24,2025-03-10
375,5호선,오목교,3,소화기,지하,B1,대합실,1,11,2025-03-10
376,5호선,양평,1,소화기,지하,B5,승강장,1,16,2025-03-10
377,5호선,양평,2,소화기,지하,B4,대합실,1,4,2025-03-10
378,5호선,양평,3,소화기,지하,B3,대합실,1,2,2025-03-10
379,5호선,양평,4,소화기,지하,B2,대합실,1,1,2025-03-10
380,5호선,양평,5,소화기,지하,B1,대합실,"1, 4",6,2025-03-10
381,5호선,영등포시장,1,소화기,지하,B1,대합실,1,14,2025-03-10
382,5호선,영등포시장,2,소화기,지하,B2,대합실,1,10,2025-03-10
383,5호선,영등포시장,3,소화기,지하,B3,대합실,1,1,2025-03-10
384,5호선,영등포시장,4,소화기,지하,B5,대합실,1,3,2025-03-10
385,5호선,영등포시장,5,소화기,지하,B6,승강장,1,23,2025-03-10
386,5호선,신길,1,소화기,지하,B1,연결통로,1,4,2025-03-10
387,5호선,신길,2,소화기,지하,B2,대합실,1,3,2025-03-10
388,5호선,신길,3,소화기,지하,B3,대합실,1,19,2025-03-10
389,5호선,신길,4,소화기,지하,B3,연결통로,1,3,2025-03-10
390,5호선,신길,5,소화기,지하,B4,승강장,1,16,2025-03-10
391,5호선,여의도(5),1,소화기,지하,B4,승강장,1,17,2025-03-10
392,5호선,여의도(5),2,소화기,지하,B3,대합실,1,3,2025-03-10
393,5호선,여의도(5),3,소화기,지하,B3,대합실,1,4,2025-03-10
394,5호선,여의도(5),4,소화기,지하,B3,대합실,1,2,2025-03-10
395,5호선,여의도(5),5,소화기,지하,B2,대합실,1,3,2025-03-10
396,5호선,여의도(5),6,소화기,지하,B2,대합실,1,4,2025-03-10
397,5호선,여의도(5),7,소화기,지하,B1,대합실,"1, 4",2,2025-03-10
398,5호선,여의도(5),8,소화기,지하,B1,대합실,1,2,2025-03-10
399,5호선,여의도(5),9,소화기,지하,B1,대합실,1,3,2025-03-10
400,5호선,여의나루,1,소화기,지하,M1,대합실,1,1,2025-03-10
401,5호선,여의나루,2,소화기,지하,B1,대합실,"1, 4",4,2025-03-10
402,5호선,여의나루,3,소화기,지하,B2,대합실,"1, 4",8,2025-03-10
403,5호선,여의나루,4,소화기,지하,B4,대합실,1,5,2025-03-10
404,5호선,여의나루,5,소화기,지하,B5,승강장,1,10,2025-03-10
405,5호선,마포,1,소화기,지하,B1,대합실,1,11,2025-03-10
406,5호선,마포,2,소화기,지하,B2,기능실,1,5,2025-03-10
407,5호선,마포,3,소화기,지하,B3,대합실,1,4,2025-03-10
408,5호선,마포,4,소화기,지상,B4,대합실,1,3,2025-03-10
409,5호선,마포,5,소화기,지상,B5,승강장,1,7,2025-03-10
410,5호선,공덕(5),1,소화기,지하,B1,대합실,1,6,2025-03-10
411,5호선,공덕(5),2,소화기,지하,B2,대합실,1,5,2025-03-10
412,5호선,공덕(5),3,소화기,지하,B3,승강장,1,26,2025-03-10
413,5호선,공덕(5),4,소화기,지하,B1,대합실,1,12,2025-03-10
414,5호선,공덕(5),2,소화기,지하,B2,승강장,1,25,2025-03-10
415,5호선,공덕(5),3,소화기,지하,B3,연결통로,1,14,2025-03-10
416,5호선,애오개,1,소화기,지하,B4,상선승강장,1,14,2025-03-10
417,5호선,애오개,2,소화기,지하,B4,하선승강장,1,12,2025-03-10
418,5호선,애오개,3,소화기,지하,B3,대합실,1,5,2025-03-10
419,5호선,애오개,4,소화기,지하,B1,대합실,1,4,2025-03-10
420,5호선,서대문,1,소화기,지하,B4,상선승강장,1,6,2025-03-10
421,5호선,서대문,2,소화기,지하,B4,하선승강장,1,5,2025-03-10
422,5호선,서대문,3,소화기,지하,B3,대합실,1,5,2025-03-10
423,5호선,서대문,4,소화기,지하,B1,대합실,1,1,2025-03-10
424,5호선,서대문,5,소화기,지하,B1,대합실,1,4,2025-03-10
425,5호선,서대문,6,소화기,지하,B1,대합실,1,5,2025-03-10
426,5호선,서대문,7,소화기,지하,B1,대합실,1,14,2025-03-10
427,5호선,광화문,1,소화기,지하,B4,승강장,1,16,2025-03-10
428,5호선,광화문,2,소화기,지하,B3,대합실,1,4,2025-03-10
429,5호선,광화문,3,소화기,지하,B2,대합실,1,3,2025-03-10
430,5호선,광화문,4,소화기,지하,B1,대합실,1,5,2025-03-10
431,5호선,광화문,5,소화기,지하,B1,대합실,1,2,2025-03-10
432,5호선,광화문,6,소화기,지하,B1,연결통로,1,10,2025-03-10
433,5호선,종로3가(5),1,소화기,지하,B1,대합실,1,13,2025-03-10
434,5호선,종로3가(5),2,소화기,지하,B3,대합실,1,10,2025-03-10
435,5호선,종로3가(5),3,소화기,지하,B4,대합실,1,11,2025-03-10
436,5호선,종로3가(5),4,소화기,지하,B5,승강장,1,7,2025-03-10
437,5호선,동대문역사문화공원(5),1,소화기,지하,B1,대합실,1,12,2025-03-10
438,5호선,동대문역사문화공원(5),2,소화기,지하,B2,대합실,1,10,2025-03-10
439,5호선,동대문역사문화공원(5),3,소화기,지하,B2,연결통로,1,1,2025-03-10
440,5호선,동대문역사문화공원(5),4,소화기,지하,B2,대합실,4,6,2025-03-10
441,5호선,동대문역사문화공원(5),5,소화기,지하,B3,대합실,1,8,2025-03-10
442,5호선,동대문역사문화공원(5),6,소화기,지하,B4,대합실,1,5,2025-03-10
443,5호선,동대문역사문화공원(5),7,소화기,지하,B4,연결통로,1,3,2025-03-10
444,5호선,청구(5),1,소화기,지하,B4,승강장,1,7,2025-03-10
445,5호선,청구(5),2,소화기,지하,B3,연결통로,1,9,2025-03-10
446,5호선,청구(5),3,소화기,지하,B1,대합실,1,10,2025-03-10
447,5호선,청구(5),4,소화기,지하,B1,대합실,4,5,2025-03-10
448,6호선,청구(6),1,소화기,지하,B2,승강장,1,18,2025-03-10
449,5호선,신금호,1,소화기,지하,B1,대합실,1,15,2025-03-10
450,5호선,신금호,2,소화기,지하,B2,대합실,1,14,2025-03-10
451,5호선,신금호,3,소화기,지하,B8,승강장,1,16,2025-03-10
452,5호선,행당,1,소화기,지하,B1,대합실,1,5,2025-03-10
453,5호선,행당,2,소화기,지하,B3,대합실,1,9,2025-03-10
454,5호선,행당,3,소화기,지하,B4,대합실,1,6,2025-03-10
455,5호선,행당,4,소화기,지하,B5,승강장,1,18,2025-03-10
456,5호선,마장,1,소화기,지하,B3,승강장,1,18,2025-03-10
457,5호선,마장,2,소화기,지하,B2,대합실,1,11,2025-03-10
458,5호선,마장,3,소화기,지하,B1,대합실,1,7,2025-03-10
459,5호선,답십리,1,소화기,지하,B3,승강장,1,12,2025-03-10
460,5호선,답십리,2,소화기,지하,B3,승강장,1,9,2025-03-10
461,5호선,답십리,3,소화기,지하,B2,대합실,1,6,2025-03-10
462,5호선,답십리,4,소화기,지하,B1,대합실,1,5,2025-03-10
463,5호선,답십리,5,소화기,지하,B1,대합실,1,6,2025-03-10
464,5호선,장한평,1,소화기,지하,B1,대합실,1,16,2025-03-10
465,5호선,장한평,2,소화기,지하,B3,승강장,1,20,2025-03-10
466,5호선,군자(5),1,소화기,지하,B1,대합실,1,12,2025-03-10
467,5호선,군자(5),2,소화기,지하,B2,승강장,1,12,2025-03-10
468,7호선,군자(7),1,소화기,지하,B1,대합실,1,7,2025-03-10
469,7호선,군자(7),2,소화기,지하,B1,대합실,4,1,2025-03-10
470,7호선,군자(7),3,소화기,지하,B2,대합실,1,3,2025-03-10
471,7호선,군자(7),4,소화기,지하,B3,연결통로,1,4,2025-03-10
472,7호선,군자(7),5,소화기,지하,B3,승강장,1,16,2025-03-10
473,5호선,아차산,1,소화기,지하,B3,승강장,1,14,2025-03-10
474,5호선,아차산,2,소화기,지하,B2,대합실,1,15,2025-03-10
475,5호선,아차산,3,소화기,지하,B1,대합실,1,3,2025-03-10
476,5호선,광나루,1,소화기,지하,B1,대합실,1,6,2025-03-10
477,5호선,광나루,2,소화기,지하,B2,대합실,1,10,2025-03-10
478,5호선,광나루,3,소화기,지하,B2,대합실,4,5,2025-03-10
479,5호선,광나루,4,소화기,지하,B3,승강장,1,19,2025-03-10
480,5호선,천호(5),1,소화기,지하,B3,승강장,1,12,2025-03-10
481,5호선,천호(5),2,소화기,지하,B3,승강장,1,9,2025-03-10
482,8호선,천호(8),1,소화기,지하,B2,승강장,1,9,2025-03-10
483,8호선,천호(8),2,소화기,지하,B2,승강장,1,8,2025-03-10
484,8호선,천호(8),3,소화기,지하,B2,대합실,1,7,2025-03-10
485,8호선,천호(8),4,소화기,지하,B1,대합실,1,6,2025-03-10
486,5호선,강동,1,소화기,지하,B4,승강장,1,13,2025-03-10
487,5호선,강동,2,소화기,지하,B3,대합실,1,41,2025-03-10
488,5호선,강동,3,소화기,지하,B2,환승주차장,1,2,2025-03-10
489,5호선,강동,4,소화기,지하,B1,대합실,1,13,2025-03-10
490,5호선,길동,1,소화기,지하,B3,승강장,1,16,2025-03-10
491,5호선,길동,2,소화기,지하,B2,대합실,1,10,2025-03-10
492,5호선,길동,3,소화기,지하,B1,대합실,1,7,2025-03-10
493,5호선,굽은다리,1,소화기,지하,B2,승강장,1,16,2025-03-10
494,5호선,굽은다리,2,소화기,지하,B1,대합실,1,12,2025-03-10
495,5호선,굽은다리,3,소화기,지하,B1,아이센터,4,2,2025-03-10
496,5호선,명일,1,소화기,지하,B1,대합실,1,15,2025-03-10
497,5호선,명일,2,소화기,지하,B1,대합실,4,3,2025-03-10
498,5호선,명일,3,소화기,지하,B2,승강장,1,14,2025-03-10
499,5호선,고덕,1,소화기,지하,B1,대합실,1,19,2025-03-10
500,5호선,고덕,2,소화기,지하,B2,승강장,1,18,2025-03-10
501,5호선,상일동,1,소화기,지하,B2,승강장,1,13,2025-03-10
502,5호선,상일동,2,소화기,지하,B1,연결통로,1,9,2025-03-10
503,5호선,상일동,3,소화기,지하,B1,대합실,1,14,2025-03-10
504,5호선,둔촌동,1,소화기,지하,B2,승강장,1,14,2025-03-10
505,5호선,둔촌동,2,소화기,지하,B1,대합실,1,14,2025-03-10
506,5호선,둔촌동,3,소화기,지하,B1,대합실,4,3,2025-03-10
507,5호선,올림픽공원,1,소화기,지하,B2,대합실,1,19,2025-03-10
508,5호선,올림픽공원,2,소화기,지하,B3,승강장,1,11,2025-03-10
509,5호선,방이,1,소화기,지하,B2,승강장,1,19,2025-03-10
510,5호선,방이,2,소화기,지하,B1,대합실,1,21,2025-03-10
511,5호선,개롱,1,소화기,지하,B1,대합실,1,12,2025-03-10
512,5호선,개롱,2,소화기,지하,B2,승강장,1,10,2025-03-10
513,5호선,거여,1,소화기,지하,B2,대합실,1,20,2025-03-10
514,5호선,거여,2,소화기,지하,B3,승강장,1,18,2025-03-10
515,5호선,마천,1,소화기,지하,B1,대합실,1,9,2025-03-10
516,5호선,마천,2,소화기,지하,B2,고객안전실,1,7,2025-03-10
517,5호선,마천,3,소화기,지하,B4,승강장,1,18,2025-03-10
518,5호선,강일,1,소화기,지하,B3,승강장,1,26,2025-03-10
519,5호선,강일,2,소화기,지하,B2,대합실,1,34,2025-03-10
520,5호선,강일,3,소화기,지하,B2,대합실,4,4,2025-03-10
521,5호선,강일,4,소화기,지하,B1,기능실,1,5,2025-03-10
522,5호선,미사,1,소화기,지하,B2,승강장,1,26,2025-03-10
523,5호선,미사,2,소화기,지하,B1,대합실,1,23,2025-03-10
524,5호선,하남풍산,1,소화기,지하,B1,대합실,1,18,2025-03-10
525,5호선,하남풍산,2,소화기,지하,B2,승강장,1,18,2025-03-10
526,5호선,하남시청,1,소화기,지하,B2,승강장,1,15,2025-03-10
527,5호선,하남시청,2,소화기,지하,B1,대합실,1,24,2025-03-10
528,5호선,하남시청,3,소화기,지하,중,대합실,1,6,2025-03-10
529,5호선,하남검단산,1,소화기,지하,B3,승강장,1,21,2025-03-10
530,5호선,하남검단산,2,소화기,지하,B2,연결통로,1,21,2025-03-10
531,5호선,하남검단산,3,소화기,지하,B1,연결통로,1,8,2025-03-10
532,5호선,하남검단산,4,소화기,지하,B1,연결통로,1,7,2025-03-10
533,5호선,하남검단산,5,소화기,지하,B1,연결통로,1,3,2025-03-10
534,5호선,하남검단산,6,소화기,지하,B1,대합실,1,22,2025-03-10
535,5호선,하남검단산,7,소화기,지하,B1,대합실,4,2,2025-03-10
536,6호선,응암,1,소화기,지하,B2,승강장,1,10,2025-03-10
537,6호선,응암,2,소화기,지하,B2,창고,1,1,2025-03-10
538,6호선,응암,3,소화기,지하,B1,기능실,1,6,2025-03-10
539,6호선,응암,4,소화기,지하,B1,대합실,1,9,2025-03-10
540,6호선,응암,5,소화기,지하,B1,창고,1,1,2025-03-10
541,6호선,응암,6,소화기,지하,B1,기능실,4,3,2025-03-10
542,6호선,응암,7,소화기,지하,B2~B1,중대합실,1,2,2025-03-10
543,6호선,응암,8,소화기,지하,B2~B1,창고,1,1,2025-03-10
544,6호선,역촌,1,소화기,지하,B1,대합실,4,3,2025-03-10
545,6호선,역촌,2,소화기,지하,B1,대합실,1,5,2025-03-10
546,6호선,역촌,3,소화기,지하,B1,기능실,1,4,2025-03-10
547,6호선,역촌,4,소화기,지하,B1,대합실,1,1,2025-03-10
548,6호선,역촌,5,소화기,지하,B2,대합실,1,1,2025-03-10
549,6호선,역촌,6,소화기,지하,B4,기능실,1,5,2025-03-10
550,6호선,역촌,7,소화기,지하,B4,승강장,1,7,2025-03-10
551,3호선,불광(3),1,소화기,지하,B1,대합실,1,1,2025-03-10
552,3호선,불광(3),2,소화기,지하,B1,대합실,1,3,2025-03-10
553,3호선,불광(3),3,소화기,지하,B1,대합실,1,5,2025-03-10
554,3호선,불광(3),4,소화기,지하,B1,대합실,1,3,2025-03-10
555,3호선,불광(3),5,소화기,지하,B1,대합실,1,1,2025-03-10
556,3호선,불광(3),6,소화기,지하,B1,대합실,1,1,2025-03-10
557,3호선,불광(3),7,소화기,지하,B1,대합실,1,1,2025-03-10
558,3호선,불광(3),8,소화기,지하,B1,대합실,1,1,2025-03-10
559,3호선,불광(3),9,소화기,지하,B2,승강장,1,2,2025-03-10
560,3호선,불광(3),10,소화기,지하,B2,승강장,1,2,2025-03-10
561,3호선,불광(3),11,소화기,지하,B2,승강장,1,2,2025-03-10
562,3호선,불광(3),12,소화기,지하,B2,승강장,1,2,2025-03-10
563,3호선,불광(3),13,소화기,지하,B2,승강장,1,2,2025-03-10
564,3호선,불광(3),14,소화기,지하,B2,승강장,1,2,2025-03-10
565,3호선,불광(3),15,소화기,지하,B2,승강장,1,2,2025-03-10
566,3호선,불광(3),16,소화기,지하,B2,승강장,1,2,2025-03-10
567,3호선,불광(3),17,소화기,지하,B2,승강장,1,1,2025-03-10
568,3호선,불광(3),18,소화기,지하,B2,승강장,1,1,2025-03-10
569,3호선,불광(3),19,소화기,지하,B2,승강장,1,1,2025-03-10
570,3호선,불광(3),20,소화기,지하,B2,승강장,1,4,2025-03-10
571,3호선,불광(3),21,소화기,지하,B2,승강장,1,2,2025-03-10
572,3호선,불광(3),22,소화기,지하,B2,승강장,1,1,2025-03-10
573,3호선,불광(3),23,소화기,지하,B2,승강장,1,2,2025-03-10
574,3호선,불광(3),24,소화기,지하,B2,승강장,1,2,2025-03-10
575,3호선,불광(3),25,소화기,지하,B2,승강장,1,1,2025-03-10
576,6호선,불광(6),1,소화기,지하,B4,승강장,1,9,2025-03-10
577,6호선,불광(6),2,소화기,지하,B4,창고,1,1,2025-03-10
578,6호선,불광(6),3,소화기,지하,B2,대합실,1,1,2025-03-10
579,6호선,불광(6),4,소화기,지하,B2,기능실,1,5,2025-03-10
580,6호선,불광(6),5,소화기,지하,B2,기능실,4,1,2025-03-10
581,6호선,불광(6),6,소화기,지하,B2,연결통로,1,2,2025-03-10
582,6호선,불광(6),7,소화기,지하,B2,창고,1,1,2025-03-10
583,6호선,불광(6),8,소화기,지하,B1,대합실,1,3,2025-03-10
584,6호선,불광(6),9,소화기,지하,B1,기능실,4,4,2025-03-10
585,6호선,불광(6),10,소화기,지하,B1,창고,1,2,2025-03-10
586,6호선,독바위,1,소화기,지하,B6,승강장,1,10,2025-03-10
587,6호선,독바위,2,소화기,지하,B5,연결통로,1,6,2025-03-10
588,6호선,독바위,3,소화기,지하,B3,연결통로,1,4,2025-03-10
589,6호선,독바위,4,소화기,지하,B1,대합실,1,3,2025-03-10
590,6호선,구산,1,소화기,지하,B4,승강장,1,7,2025-03-10
591,6호선,구산,2,소화기,지하,B3,환기실계단,1,1,2025-03-10
592,6호선,구산,3,소화기,지하,B2,기능실,1,5,2025-03-10
593,6호선,구산,4,소화기,지하,B1,대합실,1,4,2025-03-10
594,6호선,구산,5,소화기,지하,B1,기능실,4,3,2025-03-10
595,6호선,새절,1,소화기,지하,B2,승강장,16,16,2025-03-10
596,6호선,새절,2,소화기,지하,B1,대합실,21,20,2025-03-10
597,6호선,증산,1,소화기,지하,B3,승강장,1,13,2025-03-10
598,6호선,증산,2,소화기,지하,B3,창고,1,2,2025-03-10
599,6호선,증산,3,소화기,지하,B2,대합실,1,4,2025-03-10
600,6호선,증산,4,소화기,지하,B2,기능실,4,3,2025-03-10
601,6호선,증산,5,소화기,지하,B2,기능실,1,8,2025-03-10
602,6호선,디지털미디어시티,1,소화기,지상,F1,M건물,1,4,2025-03-10
603,6호선,디지털미디어시티,2,소화기,지하,B1,대합실,1,12,2025-03-10
604,6호선,디지털미디어시티,3,소화기,지하,B1,대합실,1,11,2025-03-10
605,6호선,디지털미디어시티,4,소화기,지하,B1,대합실,4,3,2025-03-10
606,6호선,디지털미디어시티,5,소화기,지하,B1,대합실,4,2,2025-03-10
607,6호선,디지털미디어시티,6,소화기,지하,B2,승강장,1,7,2025-03-10
608,6호선,디지털미디어시티,7,소화기,지하,B2,승강장,1,7,2025-03-10
609,6호선,월드컵경기장,1,소화기,지하,B3,승강장,1,16,2025-03-10
610,6호선,월드컵경기장,2,소화기,지하,B2,대합실,4,2,2025-03-10
611,6호선,월드컵경기장,3,소화기,지하,B2,대합실,1,31,2025-03-10
612,6호선,마포구청,1,소화기,지하,B3,승강장,1,16,2025-03-10
613,6호선,마포구청,2,소화기,지하,B2,대합실,4,3,2025-03-10
614,6호선,마포구청,3,소화기,지하,B2,대합실,1,4,2025-03-10
615,6호선,마포구청,4,소화기,지하,B1,대합실,4,2,2025-03-10
616,6호선,마포구청,5,소화기,지하,B1,대합실,1,8,2025-03-10
617,6호선,망원,1,소화기,지하,B2,상선승강장,1,8,2025-03-10
618,6호선,망원,2,소화기,지하,B2,하선승강장,1,8,2025-03-10
619,6호선,망원,3,소화기,지하,B1,"아이센터, 시스템실",4,3,2025-03-10
620,6호선,망원,4,소화기,지하,B1,"대합실, 사무실, 침실 등",1,9,2025-03-10
621,6호선,상수,1,소화기,지하,B1,대합실,1,4,2025-03-10
622,6호선,상수,2,소화기,지하,B2,대합실,1,17,2025-03-10
623,6호선,상수,3,소화기,지하,B3,승강장,1,11,2025-03-10
624,6호선,상수,4,소화기,지하,B2,대합실,4,3,2025-03-10
625,6호선,광흥창,1,소화기,지하,B3,승강장,1,10,2025-03-10
626,6호선,광흥창,2,소화기,지하,B2,대합실,1,9,2025-03-10
627,6호선,광흥창,3,소화기,지하,B2,대합실,1,2,2025-03-10
628,6호선,광흥창,4,소화기,지하,B2,대합실,4,5,2025-03-10
629,6호선,광흥창,5,소화기,지하,B1,대합실,1,2,2025-03-10
630,6호선,광흥창,6,소화기,지하,B1,대합실,1,2,2025-03-10
631,6호선,대흥,1,소화기,지하,B3,승강장,1,8,2025-03-10
632,6호선,대흥,2,소화기,지하,B3,창고,1,2,2025-03-10
633,6호선,대흥,3,소화기,지하,B2,대합실,1,3,2025-03-10
634,6호선,대흥,4,소화기,지하,B2,기능실,4,3,2025-03-10
635,6호선,대흥,5,소화기,지하,B2,기능실,1,13,2025-03-10
636,6호선,효창공원앞,1,소화기,지하,B1,대합실,1,12,2025-03-10
637,6호선,효창공원앞,2,소화기,지하,B2,대합실,1,7,2025-03-10
638,6호선,효창공원앞,3,소화기,지하,B3,승강장,1,9,2025-03-10
639,6호선,녹사평,1,소화기,지하,B5,승강장,1,14,2025-03-10
640,6호선,녹사평,2,소화기,지하,B4,대합실,1,9,2025-03-10
641,6호선,녹사평,3,소화기,지하,B2,대합실,1,7,2025-03-10
642,6호선,녹사평,4,소화기,지하,B1,대합실,1,7,2025-03-10
643,6호선,녹사평,5,소화기,지하,B1,연결통로,1,2,2025-03-10
644,6호선,녹사평,6,소화기,지하,B1,연결통로,1,1,2025-03-10
645,6호선,이태원,1,소화기,지하,B5,승강장,1,12,2025-03-10
646,6호선,이태원,2,소화기,지하,B4,승강장,1,3,2025-03-10
647,6호선,이태원,3,소화기,지하,B3,대합실,1,1,2025-03-10
648,6호선,이태원,4,소화기,지하,B2,대합실,1,2,2025-03-10
649,6호선,이태원,5,소화기,지하,B1,대합실,1,12,2025-03-10
650,6호선,한강진,1,소화기,지하,B4,승강장,1,14,2025-03-10
651,6호선,한강진,2,소화기,지하,B3,대합실,1,9,2025-03-10
652,6호선,한강진,3,소화기,지하,B1,대합실,1,8,2025-03-10
653,6호선,버티고개,1,소화기,지하,B4,승강장,1,14,2025-03-10
654,6호선,버티고개,2,소화기,지하,B3,연결통로,1,3,2025-03-10
655,6호선,버티고개,3,소화기,지하,B2,연결통로,1,6,2025-03-10
656,6호선,버티고개,4,소화기,지하,B1,대합실,1,5,2025-03-10
657,6호선,동묘앞,1,소화기,지하,B3,승강장,1,16,2025-03-10
658,6호선,동묘앞,2,소화기,지하,B3,연결통로,1,10,2025-03-10
659,6호선,동묘앞,3,소화기,지하,B2,연결통로,1,6,2025-03-10
660,6호선,동묘앞,4,소화기,지하,B2,대합실,1,4,2025-03-10
661,6호선,동묘앞,5,소화기,지하,B1,대합실,1,6,2025-03-10
662,6호선,창신,1,소화기,지하,B1,대합실,1,3,2025-03-10
663,6호선,창신,2,소화기,지하,B3,대합실,1,4,2025-03-10
664,6호선,창신,3,소화기,지하,B4,승강장,1,14,2025-03-10
665,6호선,보문,1,소화기,지하,B3,승강장,1,14,2025-03-10
666,6호선,보문,2,소화기,지하,B2,연결통로,1,4,2025-03-10
667,6호선,보문,3,소화기,지하,B1,대합실,1,7,2025-03-10
668,6호선,안암,1,소화기,지하,B3,승강장,1,14,2025-03-10
669,6호선,안암,2,소화기,지하,B2,대합실,1,8,2025-03-10
670,6호선,안암,3,소화기,지하,B1,대합실,1,12,2025-03-10
671,6호선,고려대,1,소화기,지하,B1,대합실,1,11,2025-03-10
672,6호선,고려대,2,소화기,지하,B2,대합실,1,6,2025-03-10
673,6호선,고려대,3,소화기,지하,B3,대합실,1,8,2025-03-10
674,6호선,고려대,4,소화기,지하,B4,승강장,1,18,2025-03-10
675,6호선,월곡,1,소화기,지하,B3,승강장,1,9,2025-03-10
676,6호선,월곡,2,소화기,지하,B3,승강장,1,9,2025-03-10
677,6호선,월곡,3,소화기,지하,B2,대합실,1,16,2025-03-10
678,6호선,월곡,4,소화기,지하,B1,대합실,1,15,2025-03-10
679,6호선,상월곡,1,소화기,지하,B1,대합실(가),1,1,2025-03-10
680,6호선,상월곡,2,소화기,지하,B2,대합실(가),1,3,2025-03-10
681,6호선,상월곡,3,소화기,지하,B2,대합실(나),1,3,2025-03-10
682,6호선,상월곡,4,소화기,지하,B2,대합실(나),1,4,2025-03-10
683,6호선,상월곡,5,소화기,지하,B2,대합실(나),1,3,2025-03-10
684,6호선,상월곡,6,소화기,지하,B3,승강장(상선),1,9,2025-03-10
685,6호선,상월곡,7,소화기,지하,B3,승강장(하선),1,9,2025-03-10
686,6호선,돌곶이,1,소화기,지하,B2,승강장,1,9,2025-03-10
687,6호선,돌곶이,2,소화기,지하,B2,승강장,1,9,2025-03-10
688,6호선,돌곶이,3,소화기,지하,B1,대합실,1,4,2025-03-10
689,6호선,돌곶이,4,소화기,지하,B1,대합실,1,3,2025-03-10
690,6호선,돌곶이,5,소화기,지하,B1,대합실,1,2,2025-03-10
691,6호선,돌곶이,6,소화기,지하,B1,대합실,1,2,2025-03-10
692,6호선,석계,1,소화기,지하,B3,승강장,1,22,2025-03-10
693,6호선,석계,2,소화기,지하,B2,대합실,1,23,2025-03-10
694,6호선,석계,3,소화기,지하,B1,대합실,1,13,2025-03-10
695,6호선,화랑대,1,소화기,지하,B2,승강장,1,16,2025-03-10
696,6호선,화랑대,2,소화기,지하,B1,대합실,1,14,2025-03-10
697,6호선,화랑대,3,소화기,지하,B1,연결통로,1,4,2025-03-10
698,6호선,화랑대,4,소화기,지하,B1,연결통로,1,3,2025-03-10
699,6호선,화랑대,5,소화기,지하,B1,연결통로,1,3,2025-03-10
700,6호선,봉화산,1,소화기,지하,B2,승강장(상선),1,8,2025-03-10
701,6호선,봉화산,2,소화기,지하,B2,승강장(하선),1,9,2025-03-10
702,6호선,봉화산,3,소화기,지하,B1,대합실,1,3,2025-03-10
703,6호선,봉화산,4,소화기,지하,B1,대합실,1,4,2025-03-10
704,6호선,봉화산,5,소화기,지하,B1,대합실,1,3,2025-03-10
705,6호선,봉화산,6,소화기,지하,B1,대합실,1,3,2025-03-10
706,6호선,봉화산,7,소화기,지하,B1,대합실,5,5,2025-03-10
707,6호선,신내,1,소화기,지상,M2,대합실,2,2,2025-03-10
708,6호선,신내,2,소화기,지상,M1,승강장,8,8,2025-03-10
709,6호선,신내,3,소화기,지상,M1,고객대기실(승강장 내),1,2,2025-03-10
710,7호선,장암,1,소화기,지상,M1,대합실,1,13,2025-03-10
711,7호선,도봉산,1,소화기,지상,M1,대합실,1,24,2025-03-10
712,7호선,도봉산,2,소화기,지상,M2,승강장,1,18,2025-03-10
713,7호선,수락산,1,소화기,지하,B1,대합실,1,9,2025-03-10
714,7호선,수락산,2,소화기,지하,B2,대합실,1,15,2025-03-10
715,7호선,수락산,3,소화기,지하,B3,승강장,1,16,2025-03-10
716,7호선,마들,1,소화기,지하,B3,승강장,1,16,2025-03-10
717,7호선,마들,2,소화기,지하,B2,대합실,1,11,2025-03-10
718,7호선,마들,3,소화기,지하,B1,대합실,1,12,2025-03-10
719,7호선,중계,1,소화기,지하,B1,대합실,1,6,2025-03-10
720,7호선,중계,2,소화기,지하,B2,대합실,1,4,2025-03-10
721,7호선,중계,3,소화기,지하,B3,승강장,1,16,2025-03-10
722,7호선,하계,1,소화기,지하,B1,대합실,1,15,2025-03-10
723,7호선,하계,2,소화기,지하,B2,대합실,1,6,2025-03-10
724,7호선,하계,3,소화기,지하,B3,승강장,1,18,2025-03-10
725,7호선,공릉,1,소화기,지하,B1,대합실,5,18,2025-03-10
726,7호선,공릉,2,소화기,지하,B2,대합실,2,7,2025-03-10
727,7호선,공릉,3,소화기,지하,B3,대합실,3,6,2025-03-10
728,7호선,공릉,4,소화기,지하,B4,승강장,12,2,2025-03-10
729,6호선,태릉입구(6),1,소화기,지하,B1,대합실,1,13,2025-03-10
730,6호선,태릉입구(6),2,소화기,지하,B2,승강장,1,13,2025-03-10
731,7호선,태릉입구(6),3,소화기,지하,B3,환승통로,1,4,2025-03-10
732,7호선,태릉입구(7),1,소화기,지하,B1,대합실,1,8,2025-03-10
733,7호선,태릉입구(7),2,소화기,지하,B2,대합실,1,15,2025-03-10
734,7호선,태릉입구(7),3,소화기,지하,B3,대합실,1,20,2025-03-10
735,7호선,태릉입구(7),4,소화기,지하,B4,승강장,1,15,2025-03-10
736,7호선,먹골,1,소화기,지하,B1,대합실,1,14,2025-03-10
737,7호선,먹골,2,소화기,지하,B2,대합실,1,12,2025-03-10
738,7호선,먹골,3,소화기,지하,B3,승강장,1,16,2025-03-10
739,7호선,중화,1,소화기,지하,B3,승강장,1,16,2025-03-10
740,7호선,중화,2,소화기,지하,B2,대합실,1,5,2025-03-10
741,7호선,중화,3,소화기,지하,B1,대합실,1,18,2025-03-10
742,7호선,상봉,1,소화기,지하,B1,대합실,1,14,2025-03-10
743,7호선,상봉,2,소화기,지하,B2,대합실,1,18,2025-03-10
744,7호선,상봉,3,소화기,지하,B3,승강장,1,16,2025-03-10
745,7호선,면목,1,소화기,지하,B1,대합실,1,12,2025-03-10
746,7호선,면목,2,소화기,지하,B3,대합실,1,10,2025-03-10
747,7호선,면목,3,소화기,지하,B4,승강장,1,18,2025-03-10
748,7호선,사가정,1,소화기,지하,B4,승강장,1,18,2025-03-10
749,7호선,사가정,2,소화기,지하,B3,대합실,1,10,2025-03-10
750,7호선,사가정,3,소화기,지하,B1,대합실,1,8,2025-03-10
751,7호선,용마산,1,소화기,지하,B4,승강장,1,16,2025-03-10
752,7호선,용마산,2,소화기,지하,B3,대합실,1,10,2025-03-10
753,7호선,용마산,3,소화기,지하,B1,대합실,1,11,2025-03-10
754,7호선,중곡,1,소화기,지하,B2,대합실,1,26,2025-03-10
755,7호선,중곡,2,소화기,지하,B3,승강장,1,16,2025-03-10
756,7호선,어린이대공원,1,소화기,지하,B3,승강장,1,16,2025-03-10
757,7호선,어린이대공원,2,소화기,지하,B2,대합실,1,15,2025-03-10
758,7호선,어린이대공원,3,소화기,지하,B1,대합실,1,18,2025-03-10
759,7호선,자양,1,소화기,지상,M2,대합실,1,16,2025-03-10
760,7호선,자양,2,소화기,지상,M3,승강장,1,14,2025-03-10
761,7호선,청담,1,소화기,지하,B4,승강장,1,18,2025-03-10
762,7호선,청담,2,소화기,지하,B3,대합실,1,49,2025-03-10
763,7호선,청담,3,소화기,지하,B2,대합실,1,6,2025-03-10
764,7호선,청담,4,소화기,지하,B1,연결통로,1,11,2025-03-10
765,7호선,강남구청,1,소화기,지하,B3,승강장,1,22,2025-03-10
766,7호선,강남구청,2,소화기,지하,B2,대합실,1,12,2025-03-10
767,7호선,강남구청,3,소화기,지하,B1,대합실,1,9,2025-03-10
768,7호선,학동,1,소화기,지하,B3,승강장,1,15,2025-03-10
769,7호선,학동,2,소화기,지하,B2,대합실,1,19,2025-03-10
770,7호선,학동,3,소화기,지하,B1,대합실 ,1,4,2025-03-10
771,7호선,논현,1,소화기,지하,B3,승강장,1,15,2025-03-10
772,7호선,논현,2,소화기,지하,B2,대합실,1,15,2025-03-10
773,7호선,논현,3,소화기,지하,B1,대합실,1,5,2025-03-10
774,7호선,반포,1,소화기,지하,B3,승강장,1,16,2025-03-10
775,7호선,반포,2,소화기,지하,B2,대합실,1,5,2025-03-10
776,7호선,반포,3,소화기,지하,B1,대합실,1,5,2025-03-10
777,7호선,반포,4,소화기,지하,B1,대합실,1,6,2025-03-10
778,7호선,반포,5,소화기,지하,B1,연결통로,1,8,2025-03-10
779,7호선,반포,6,소화기,지하,B1,대합실 및 연결통로,1,7,2025-03-10
780,7호선,내방,1,소화기,지하,B3,승강장,1,18,2025-03-10
781,7호선,내방,2,소화기,지하,B2,대합실,1,6,2025-03-10
782,7호선,내방,3,소화기,지하,B1,대합실 ,1,8,2025-03-10
783,7호선,남성,1,소화기,지하,B3,승강장,1,16,2025-03-10
784,7호선,남성,2,소화기,지하,B2,대합실,1,6,2025-03-10
785,7호선,남성,3,소화기,지하,B1,대합실,1,8,2025-03-10
786,7호선,숭실대입구,1,소화기,지하,B1,대합실,1,8,2025-03-10
787,7호선,숭실대입구,2,소화기,지하,B2,대합실,1,7,2025-03-10
788,7호선,숭실대입구,3,소화기,지하,B4,대합실,1,7,2025-03-10
789,7호선,숭실대입구,4,소화기,지하,B5,대합실,1,9,2025-03-10
790,7호선,숭실대입구,5,소화기,지하,B6,승강장,1,16,2025-03-10
791,7호선,상도,1,소화기,지하,B1,대합실,1,5,2025-03-10
792,7호선,상도,2,소화기,지하,B2,대합실,1,8,2025-03-10
793,7호선,상도,3,소화기,지하,B3,승강장,1,12,2025-03-10
794,7호선,장승배기,1,소화기,지하,B1,대합실,1,6,2025-03-10
795,7호선,장승배기,2,소화기,지하,B1,대합실,1,4,2025-03-10
796,7호선,장승배기,3,소화기,지하,B1,대합실,1,4,2025-03-10
797,7호선,장승배기,4,소화기,지하,B1,대합실,1,5,2025-03-10
798,7호선,장승배기,5,소화기,지하,B2,대합실,1,4,2025-03-10
799,7호선,장승배기,6,소화기,지하,B3,승강장,1,11,2025-03-10
800,7호선,신대방삼거리,1,소화기,지하,B3,승강장,1,15,2025-03-10
801,7호선,신대방삼거리,2,소화기,지하,B2,대합실,1,11,2025-03-10
802,7호선,신대방삼거리,3,소화기,지하,B1,연결통로,1,14,2025-03-10
803,7호선,보라매,1,소화기,지하,B1,대합실,1,16,2025-03-10
804,7호선,보라매,2,소화기,지하,B2,승강장,1,18,2025-03-10
805,7호선,신풍,1,소화기,지하,B2,승강장,1,14,2025-03-10
806,7호선,신풍,2,소화기,지하,B1,대합실,1,4,2025-03-10
807,7호선,신풍,3,소화기,지하,B1,대합실,1,3,2025-03-10
808,7호선,신풍,4,소화기,지하,B1,대합실,1,5,2025-03-10
809,7호선,신풍,5,소화기,지하,B1,대합실,1,3,2025-03-10
810,7호선,신풍,6,소화기,지하,B1,대합실,1,2,2025-03-10
811,7호선,신풍,7,소화기,지하,B1,대합실,1,1,2025-03-10
812,7호선,신풍,8,소화기,지하,B1,대합실,1,3,2025-03-10
813,7호선,남구로,1,소화기,지하,B5,승강장,1,16,2025-03-10
814,7호선,남구로,2,소화기,지하,B4,대합실,1,4,2025-03-10
815,7호선,남구로,3,소화기,지하,B2,대합실,1,13,2025-03-10
816,7호선,남구로,4,소화기,지하,B1,대합실,1,12,2025-03-10
817,7호선,가산디지털단지(7),1,소화기,지하,B4,승강장,1,17,2025-03-10
818,7호선,가산디지털단지(7),2,소화기,지하,B3,대합실,1,2,2025-03-10
819,7호선,가산디지털단지(7),3,소화기,지하,B2,기능실,1,10,2025-03-10
820,7호선,가산디지털단지(7),4,소화기,자하,B1,대합실,1,14,2025-03-10
821,7호선,철산,1,소화기,지하,B2,승강장,1,16,2025-03-10
822,7호선,철산,2,소화기,지상,B1,대합실,1,11,2025-03-10
823,7호선,광명사거리,1,소화기,지하,B3,승강장,1,12,2025-03-10
824,7호선,광명사거리,2,소화기,지하,B3,승강장,1,7,2025-03-10
825,7호선,광명사거리,3,소화기,지하,B2,연결통로,1,5,2025-03-10
826,7호선,광명사거리,4,소화기,지하,B2,대합실,1,7,2025-03-10
827,7호선,광명사거리,5,소화기,지하,B1,대합실,1,5,2025-03-10
828,7호선,천왕,1,소화기,지하,B2,승강장,1,12,2025-03-10
829,7호선,천왕,2,소화기,지하,B1,대합실,1,13,2025-03-10
830,7호선,천왕,3,소화기,지하,B1,연결통로,1,9,2025-03-10
831,7호선,온수,1,소화기,지하,B2,승강장,1,18,2025-03-10
832,7호선,온수,2,소화기,지하,B1,대합실,1,19,2025-03-10
833,7호선,온수,3,소화기,지하,B1,연결통로,1,12,2025-03-10
834,8호선,암사,1,소화기,지하,B1,대합실,1,14,2025-03-10
835,8호선,암사,2,소화기,지하,B2,승강장,1,16,2025-03-10
836,8호선,강동구청,1,소화기,지하,B3,승강장,1,16,2025-03-10
837,8호선,강동구청,2,소화기,지하,B2,대합실,1,13,2025-03-10
838,8호선,강동구청,3,소화기,지하,B1,대합실,1,3,2025-03-10
839,8호선,몽촌토성,1,소화기,지하,B3,승강장,1,12,2025-03-10
840,8호선,몽촌토성,2,소화기,지하,B2,대합실,1,13,2025-03-10
841,8호선,몽촌토성,3,소화기,지하,B1,대합실,1,11,2025-03-10
842,8호선,석촌,1,소화기,지하,B1,대합실,1,20,2025-03-10
843,8호선,석촌,2,소화기,지하,B2,승강장,1,10,2025-03-10
844,8호선,송파,1,소화기,지하,B1,대합실,1,9,2025-03-10
845,8호선,송파,2,소화기,지하,B2,승강장,1,16,2025-03-10
846,3호선,가락시장(3),1,소화기,지하,B1,대합실,1,2,2025-03-10
847,3호선,가락시장(3),2,소화기,지하,B2,대합실,1,16,2025-03-10
848,3호선,가락시장(3),3,소화기,지하,B3,환승통로,1,6,2025-03-10
849,3호선,가락시장(3),4,소화기,지하,B4,승강장,1,22,2025-03-10
850,8호선,가락시장(8),1,소화기,지하,B1,대합실,1,17,2025-03-10
851,8호선,가락시장(8),2,소화기,지하,B2,승강장,1,14,2025-03-10
852,8호선,문정,1,소화기,지하,B1,대합실,1,22,2025-03-10
853,8호선,문정,2,소화기,지하,B2,승강장,1,14,2025-03-10
854,8호선,장지,1,소화기,지하,B1,대합실,1,12,2025-03-10
855,8호선,장지,2,소화기,지하,B2,승강장,1,14,2025-03-10
856,8호선,복정,1,소화기,지하,B1,대합실,1,17,2025-03-10
857,8호선,복정,2,소화기,지하,B2,승강장,1,12,2025-03-10
858,8호선,남위례,1,소화기,지상,M1,대합실,1,8,2025-03-10
859,8호선,남위례,2,소화기,지상,M2,승강장,1,16,2025-03-10
860,8호선,남위례,3,소화기,지상,M2,대합실,1,18,2025-03-10
861,8호선,남위례,4,소화기,지상,M3,대합실,1,3,2025-03-10
862,8호선,산성,1,소화기,지하,B3,승강장,1,14,2025-03-10
863,8호선,산성,2,소화기,지하,B2,대합실,1,4,2025-03-10
864,8호선,산성,3,소화기,지하,B1,대합실,1,11,2025-03-10
865,8호선,남한산성입구,1,소화기,지하,B3,승강장,1,14,2025-03-10
866,8호선,남한산성입구,2,소화기,지하,B2,대합실,1,14,2025-03-10
867,8호선,남한산성입구,3,소화기,지하,B1,대합실,1,2,2025-03-10
868,8호선,단대오거리,1,소화기,지하,B3,승강장,1,15,2025-03-10
869,8호선,단대오거리,2,소화기,지하,B2,대합실,1,15,2025-03-10
870,8호선,단대오거리,3,소화기,지하,B1,대합실,1,10,2025-03-10
871,8호선,신흥,1,소화기,지하,B2,승강장,1,13,2025-03-10
872,8호선,신흥,2,소화기,지하,B1,대합실,1,14,2025-03-10
873,8호선,수진,1,소화기,지하,B1,대합실,1,14,2025-03-10
874,8호선,수진,2,소화기,지하,B2,승강장,1,14,2025-03-10
875,8호선,모란,1,소화기,지하,B1,대합실,1,9,2025-03-10
876,8호선,모란,2,소화기,지하,B2,대합실,1,18,2025-03-10
877,8호선,모란,3,소화기,지하,B3,승강장,1,12,2025-03-10
